year,doi,acmid,name,affiliation,note
1982,10.1145/800049.801744,81100469779,P. Barnard,"MRC Applied Psychology Unit, Cambridge, England",
1982,10.1145/800049.801744,81100001026,N. Hammond,"MRC Applied Psychology Unit, Cambridge, England",
1982,10.1145/800049.801744,81100609167,A. MacLean,"MRC Applied Psychology Unit, Cambridge, England",
1982,10.1145/800049.801744,81332516822,J. Morton,"MRC Applied Psychology Unit, Cambridge, England",
1982,10.1145/800049.801745,81100576470,John B. Black,"Department of Psychology, Yale University, New Haven, CT, USA",
1982,10.1145/800049.801745,81407594532,Thomas P. Moran,"Xerox Palo Alto Research Center, Palo Alto, CA, USA",
1982,10.1145/800049.801746,81332524216,Jarrett Rosenberg,"University of California, Berkeley, USA & Xerox Palo Alto Research Center, Palo Alto, USA",
1982,10.1145/800049.801747,81100519367,Dominique L. Scapin,"INRIA, La Chesnay, France",
1982,10.1145/800049.801748,81547030056,Kathleen Hemenway,"Stanford University, USA & Xerox Palo Alto, USA",
1982,10.1145/800049.801749,99659551044,Aaron Marcus,"University of California, Berkeley, USA",
1982,10.1145/800049.801750,81100551421,Steven L. Sauter,"University of Wisconsin, USA",
1982,10.1145/800049.801750,81100605567,Mark S. Gottlieb,"University of Wisconsin, USA",
1982,10.1145/800049.801750,81332507037,Karen C. Jones,"University of Wisconsin, USA",
1982,10.1145/800049.801751,81100570324,Ricky E. Savage,"IBM Systems, Rochester, MN, USA",
1982,10.1145/800049.801751,81100179472,James K. Habinek,"IBM Systems, Rochester, MN, USA",
1982,10.1145/800049.801751,81100422715,Thomas W. Barnhart,"IBM Systems, Rochester, MN, USA",
1982,10.1145/800049.801752,81100564710,Kevin F. Bury,"IBM, GPD Human Factors Center, San Jose, CA, USA",
1982,10.1145/800049.801752,81100205555,James M. Boyle,"IBM, GPD Human Factors Center, San Jose, CA, USA",
1982,10.1145/800049.801752,81547287656,R. James Evey,"IBM, GPD Human Factors Center, San Jose, CA, USA",
1982,10.1145/800049.801752,81100230875,Alan S. Neal,"IBM, GPD Human Factors Center, San Jose, CA, USA",
1982,10.1145/800049.801753,81100642297,Ralph E. Geiselman,"Perceptronics Inc., Woodland Hills, CA, USA",
1982,10.1145/800049.801753,81100138572,Michael G. Samet,"Perceptronics Inc., Woodland Hills, CA, USA",
1982,10.1145/800049.801754,81332528788,Elliot Soloway,"Yale University, USA",
1982,10.1145/800049.801754,81331492075,Kate Ehrlich,"Yale University, USA",
1982,10.1145/800049.801754,81100062334,Jeffrey Bonar,"University of Massachusetts, USA",
1982,10.1145/800049.801755,81544778556,Sundaresan Jayaraman,"North Carolina State University, USA",
1982,10.1145/800049.801755,81332511378,Mary Jane Lee,"North Carolina State University, USA",
1982,10.1145/800049.801755,81100615207,Milos Konopasek,"North Carolina State University, USA",
1982,10.1145/800049.801756,81100548740,Thomas W. Malone,"MIT Sloan School of Management, USA",
1982,10.1145/800049.801757,81332534562,Ronald Webb,"Department of Sociology, University of California, Berkeley, CA, USA",
1982,10.1145/800049.801758,81332538096,Elizabeth Zoltan,"John Hopkins University, Baltimore, Maryland, USA",
1982,10.1145/800049.801759,81100153616,Philip Kraft,"SUNY, Binghampton, USA",
1982,10.1145/800049.801759,81538804856,David Strauss,"Hunter College, USA",
1982,10.1145/800049.801760,81100185311,Richard E. Cordes,"IBM Corporation, Tucson, Arizona, USA",
1982,10.1145/800049.801761,81100472259,Eugene Ball,"Carnegie-Mellon Univ., Pittsburgh, PA, USA",
1982,10.1145/800049.801761,81384622109,Phil Hayes,"Carnegie-Mellon Univ., Pittsburgh, PA, USA",
1982,10.1145/800049.801762,81100066527,Murray Turoff,"New Jersey Institute of Technology, USA",
1982,10.1145/800049.801762,81452617202,Starr Roxanne Hiltz,"New Jersey Institute of Technology, USA",
1982,10.1145/800049.801762,81100007589,Elaine B. Kerr,"New Jersey Institute of Technology, USA",
1982,10.1145/800049.801763,81100097161,John Roach,"Virginia Polytechnic Institute and State University, Blacksburg, VA, USA",
1982,10.1145/800049.801763,81100488487,H. Rex Hartson,"Virginia Polytechnic Institute and State University, Blacksburg, VA, USA",
1982,10.1145/800049.801763,81100208352,Roger W. Ehrich,"Virginia Polytechnic Institute and State University, Blacksburg, VA, USA",
1982,10.1145/800049.801763,81100037099,Tamer Yunten,"Virginia Polytechnic Institute and State University, Blacksburg, VA, USA",
1982,10.1145/800049.801763,81100455702,Deborah H. Johnson,"Virginia Polytechnic Institute and State University, Blacksburg, VA, USA",
1982,10.1145/800049.801764,81100561272,Jo W. Tombaugh,"Carleton University, Ottawa, Canada",
1982,10.1145/800049.801764,81100501084,Scott A. McEwen,"Carleton University, Ottawa, Canada",
1982,10.1145/800049.801765,81100064781,Michael B. Feldman,"George Washington University, Washington, DC, USA",
1982,10.1145/800049.801765,81332524037,George T. Rogers,"George Washington University, Washington, DC, USA",
1982,10.1145/800049.801766,81100202261,A. F. Norcio,"University of Maryland, Baltimore County (UMBC), USA",
1982,10.1145/800049.801767,81332527177,Sylvia B. Sheppard,"General Electric Company, Arlington, Virginia, USA",
1982,10.1145/800049.801767,81100318743,Elizabeth Kruesi,"General Electric Company, Arlington, Virginia, USA",
1982,10.1145/800049.801767,99659503300,John W. Bailey,"General Electric Company, Arlington, Virginia, USA",
1982,10.1145/800049.801768,81413598301,Ruven Brooks,"University of California, Irvine, USA",
1982,10.1145/800049.801769,81100323120,David K. Goldstein,"Harvard University, USA",
1982,10.1145/800049.801770,81405592305,Teresa L. Roberts,"Xerox Systems Development Department, Palo Alto, CA, USA",
1982,10.1145/800049.801770,81407594532,Thomas P. Moran,"Xerox Palo Alto Research Center, Palo Alto, CA, USA",
1982,10.1145/800049.801771,81100090422,Michael Good,"Massachusetts Institute of Technology, Cambridge, MA, USA",
1982,10.1145/800049.801772,81100156636,M. L. Schneider,"Sperry Univac, USA",
1982,10.1145/800049.801772,81332519070,S. Nudelman,"Sperry Univac, USA",
1982,10.1145/800049.801772,81100635107,K. Hirsh-Pasek,"Sperry Univac, USA",
1982,10.1145/800049.801773,81452616755,David W. Embley,"University of Nebraska, Lincoln, NE, USA",
1982,10.1145/800049.801773,81100382260,George Nagy,"University of Nebraska, Lincoln, NE, USA",
1982,10.1145/800049.801774,81100116595,Randall R. Harris,"Office Systems Research, BNR Inc., Mountain View, CA, USA",
1982,10.1145/800049.801775,81100626046,Beverly I. Kedzierski,"Kestrel Institure, Palo Alto, CA, USA & University of Southwestern Louisiana, Lafayette, LA, USA",
1982,10.1145/800049.801776,81351595566,Paul S. Licker,"University of Calgary, Canada",
1982,10.1145/800049.801777,99659411879,W. K. Epple,"Universitaet Karlsruhe, Germany",
1982,10.1145/800049.801777,81100383722,U. Rembold,"Universitaet Karlsruhe, Germany",
1982,10.1145/800049.801778,81332520856,Rohn J. Petersen,"EG&G Idaho Inc., USA",
1982,10.1145/800049.801778,81100462119,William W. Banks,"EG&G Idaho Inc., USA",
1982,10.1145/800049.801778,81100618483,David I. Gertman,"EG&G Idaho Inc., USA",
1982,10.1145/800049.801779,81406592524,Stuart K. Card,"Xerox Palo Alto Research Center, Palo Alto, CA, USA",
1982,10.1145/800049.801780,81100197096,Timothy E. Goldsmith,"New Mexico State Univ., Las Cruces, USA",
1982,10.1145/800049.801780,81100460403,Roger W. Schvaneveldt,"New Mexico State Univ., Las Cruces, USA",
1982,10.1145/800049.801781,81100304143,Leland Wilkinson,"University of Illinois, Chicago, USA",
1982,10.1145/800049.801782,81332495004,Bill Curtis,"ITT Programming Technology Center, Stratford, CT, USA",
1982,10.1145/800049.801783,81100268066,Dennis M. Irons,"Department of Psychology, Texas Christian University, Fort Worth, TX, USA",
1982,10.1145/800049.801784,81100029103,Gerrit E. DeYoung,"MCAUTO, USA",
1982,10.1145/800049.801784,81540505356,Garry R. Kampen,"Boeing Computer Services, USA",
1982,10.1145/800049.801784,81100394269,James M. Topolski,"St. Louis University, USA",
1982,10.1145/800049.801785,81100134470,Daniel G. McNicholl,"University of Missouri, Rolla, MO, USA",
1982,10.1145/800049.801785,81100592514,Ken Magel,"University of Missouri, Rolla, MO, USA",
1982,10.1145/800049.801786,81100320026,Adam V. Reed,"Bell Laboratories, Holmdel, NJ, USA",
1982,10.1145/800049.801787,81339524669,Joan M. Roemer,"IBM Corporation, Tucson, Arizona, USA",
1982,10.1145/800049.801787,81100163206,Alphonse Chapanis,"Department of Psychology, John Hopkins University, Baltimore, Maryland, USA",
1982,10.1145/800049.801788,99659411531,David M. Gilfoil,Exxon Office Systems Company,
1982,10.1145/800049.801789,81100649937,George W. Furnas,"Bell Laboratories, Murray Hill, NJ, USA",
1982,10.1145/800049.801789,81100403758,Louis M. Gomez,"Bell Laboratories, Murray Hill, NJ, USA",
1982,10.1145/800049.801789,81100552367,Thomas K. Landauer,"Bell Laboratories, Murray Hill, NJ, USA",
1982,10.1145/800049.801789,81100134501,Susan T. Dumais,"Bell Laboratories, Murray Hill, NJ, USA",
1982,10.1145/800049.801790,81100530503,David G. Hopelain,"California Institute of Technology, USA & University of Southern California, USA",
1982,10.1145/800049.801791,81332520560,David E. Peterson,"IBM Corporation, USA",
1982,10.1145/800049.801791,81100380865,J Howard Botterill,"IBM Corporation, USA",
1982,10.1145/800049.801792,81540276556,David Whitfield,"University of Aston, Birmingham, UK",
1982,10.1145/800049.801793,81100163994,Duncan C. Miller,"Bolt Beranek and Newman Inc., Cambridge, Massachusetts, USA",
1982,10.1145/800049.801794,81100619965,Harry M. Hersh,"Digital Equipment Corporation, USA",
1982,10.1145/800049.801795,81100579056,Panayotis Eric DeVaris,"Western Electric Company Inc, New York, NY, USA",
1982,10.1145/800049.801796,81100605196,Albert N. Badre,"Georgia Institute of Technology, USA",
1982,10.1145/800049.801797,81100302796,James D. Foley,"George Washington University, Washington, DC, USA",
1982,10.1145/800049.801798,81407594532,Thomas P. Moran,"Xerox Palo Alto Research Center, Palo Alto, CA, USA",
1982,10.1145/800049.801798,81406592524,Stuart K. Card,"Xerox Palo Alto Research Center, Palo Alto, CA, USA",
1982,10.1145/800049.801799,81100146468,Ben Shneiderman,"University of Maryland, College Park, MD, USA",
1982,10.1145/800049.801800,81100358037,Phyllis Reisner,"IBM Research Division, San Jose, CA, USA",
1982,10.1145/800049.801801,81100611930,Teresa Bleser,"George Washington University, Washington, DC, USA",
1982,10.1145/800049.801801,81100302796,James D. Foley,"George Washington University, Washington, DC, USA",
1982,10.1145/800049.801802,81100438120,Robert J. K. Jacob,"Naval Research Laboratory, Washington, D.C., USA",
1982,10.1145/800049.801803,99659553379,Sherman W. Tyler,"University of Pittsburgh, Pittsburgh, PA, USA",
1982,10.1145/800049.801803,81538060556,Steven Roth,"University of Pittsburgh, Pittsburgh, PA, USA",
1982,10.1145/800049.801803,81332521771,Timothy Post,"University of Pittsburgh, Pittsburgh, PA, USA",
1982,10.1145/800049.801804,81100410544,Lisa J. Folley,"Virginia Polytechnic Institute and State University, Blacksburg, VA, USA",
1982,10.1145/800049.801804,81100531429,Robert C. Williges,"Virginia Polytechnic Institute and State University, Blacksburg, VA, USA",
1982,10.1145/800049.801805,81100541832,Donald J. Foss,"University of Texas at Austin, Austin, TX, USA",
1982,10.1145/800049.801805,81335496622,Mary Beth Rosson,"University of Texas at Austin, Austin, TX, USA",
1982,10.1145/800049.801805,81100553730,Penny L. Smith,"University of Texas at Austin, Austin, TX, USA",
1982,10.1145/800049.801806,81100209082,Dennis E. Egan,"Bell Laboratories, USA",
1982,10.1145/800049.801806,99659210840,Cheryll Bowers,"Spelman College, Atlanta, GA, USA",
1982,10.1145/800049.801806,81100403758,Louis M. Gomez,"Bell Laboratories, USA",
1982,10.1145/800049.801807,81332528468,Sidney L. Smith,"MITRE Corporation, Bedford, MA, USA",
1982,10.1145/800049.801808,81100607227,Daniel E. Hendricks,"US Army Human Engineering Laboratory, Aberdeen Proving Ground, Maryland, USA",
1982,10.1145/800049.801809,81100314036,Martin Maguire,"Graphics Centre, The University, Leicester, England, UK",
1982,10.1145/800049.801810,99659627210,W. Zachary,"Analytics Inc, Willow Grove, PA, USA",
1982,10.1145/800049.801810,81100250233,R. Wherry,"Analytics Inc, Willow Grove, PA, USA",
1982,10.1145/800049.801810,81100628846,F. Glenn,"Analytics Inc, Willow Grove, PA, USA",
1982,10.1145/800049.801810,81100332453,J. Hopson,"Naval Air Development Center, Warminster, PA, USA",
1982,10.1145/800049.801811,81100653961,Richard A. Bolt,"Massachusetts Institute of Technology, Cambridge, MA, USA",
1982,10.1145/800049.801812,81100444749,Christopher Schmandt,"Massachusetts Institute of Technology, Cambridge, MA, USA",
1982,10.1145/800049.801812,81100014122,Eric A. Hulteen,"Massachusetts Institute of Technology, Cambridge, MA, USA",
1982,10.1145/800049.801813,81406593839,John D. Gould,"IBM Research Center, Box 218, Yorktown Heights, New York",
1982,10.1145/800049.801813,81543477856,John Conti,"IBM Research Center, Box 218, Yorktown Heights, New York",
1982,10.1145/800049.801813,81100254783,Todd Hovanyecz,"IBM Research Center, Box 218, Yorktown Heights, New York",
1982,10.1145/800049.801814,81100274421,Sara Bly,"Lawrence Livermore National Laboratory, Livermore, CA, USA",
1982,10.1145/800049.801815,81100063003,Donald A. Norman,"University of California, San Diego, La Jolla, CA, USA",
1982,10.1145/800049.801816,81100332524,Frank Halasz,"Stanford University, Stanford, CA, USA",
1982,10.1145/800049.801816,81407594532,Thomas P. Moran,"Xerox Palo Alto Research Center, Palo Alto, CA, USA",
1982,10.1145/800049.801817,81100349845,Clayton Lewis,"IBM T.J. Watson Research Center, Box 218, Yorktown Heights, New York, USA",
1982,10.1145/800049.801817,81100498306,Robert Mack,"IBM T.J. Watson Research Center, Box 218, Yorktown Heights, New York, USA",
1982,10.1145/800049.801818,81100035544,John Durrett,"Center for Automated Systems in Education, San Marcos, TX, USA",
1982,10.1145/800049.801818,81100267024,Theron Stimmel,"Center for Automated Systems in Education, San Marcos, TX, USA",
1983,10.1145/800045.801608,99659393639,James A. Hendler,"Brown University, Providence, RI, USA",
1986,10.1145/22627.22347,81100129488,H. D. Bocker,"University of Colordado, Boulder, CO, USA",
1986,10.1145/22627.22347,99659389334,G. Fischer,"University of Colordado, Boulder, CO, USA",
1986,10.1145/22627.22347,81332518581,H. Nieper,"University of Colordado, Boulder, CO, USA",
1986,10.1145/22627.22363,81100375112,B. S. Kimerer,missing,
1986,10.1145/22627.22394,81100146468,B. Shneiderman,"University of Maryland, College Park, Maryland, USA",
1987,10.1145/29933.30870,81100633564,Lucy Suchman,"Xerox Palo Alto Research Center, Palo Alto, CA, USA",
1987,10.1145/29933.30870,81100118673,William Beeman,"Brown University, Providence, RI, USA",
1987,10.1145/29933.30870,81332520488,Michael Pear,"Brown University, Providence, RI, USA",
1987,10.1145/29933.30870,81339499887,Barbara Fox,"University of Colorado, USA",
1987,10.1145/29933.30870,81100169537,Paul Smolensky,"University of Colorado, USA",
1989,10.1145/67449.67471,81100603693,B. Laurel,"Consultant, USA",
1990,10.1145/97243.97269,81546244156,C. Torben Thomsen,"California State University, Fresno, USA"," ""Via https://dblp.org/pid/74/2403.html"""
1990,10.1145/97243.97299,81100315825,Mary Elwart-Keys,"Electronic Data Systems, Ann Arborm MI, USA",Was also at EDS per https://www.linkedin.com/in/mary-elwart-keys-79a881213/
1990,10.1145/97243.97299,81100208950,David Halonen,"Electronic Data Systems, Ann Arborm MI, USA",From https://dl.acm.org/doi/pdf/10.1145/91474.91508
1990,10.1145/97243.97299,81332504847,Marjorie Horton,"Electronic Data Systems, Ann Arborm MI, USA",From https://dl.acm.org/doi/pdf/10.1145/91474.91508
1990,10.1145/97243.97299,81100214958,Robert Kass,"Electronic Data Systems, Ann Arborm MI, USA",From https://dl.acm.org/doi/pdf/10.1145/91474.91508
1990,10.1145/97243.97299,81100544334,Paul Scott,"University of Essex, Colchester, UK",From https://dl.acm.org/doi/pdf/10.1145/91474.91508
1991,10.1145/108844.108944,81100318557,Steve Whittaker,"Hewlett Packard Labs, Bristol, UK",Per https://dl.acm.org/profile/81100318557/publications?Role=author&AfterYear=1988&BeforeYear=1993&queryID=34/5749178426
1991,10.1145/108844.108944,81100612361,Susan E. Brennan,"Department of Psychology, State University of New York at Stony Brook, USA",Per http://www.psychology.stonybrook.edu/sbrennan-/
1991,10.1145/108844.108944,99659857663,Herbert H. Clark,"Stanford University, USA",Per https://en.wikipedia.org/wiki/Herbert_H._Clark#Professional_positions
1991,10.1145/108844.108959,81100604755,S. Joy Mountford,"Apple Computer, Cupertino, USA",Per https://dl.acm.org/doi/pdf/10.1145/142750.142796
1991,10.1145/108844.108959,81100046393,Dominic Milano,missing,
1991,10.1145/108844.108959,81332516190,Peter Mitchell,"Big Animated Digital Productions, Melbourne, Australia",Per https://dl.acm.org/doi/pdf/10.1145/142750.142796
1991,10.1145/108844.108959,81332527628,Thecla Shiphorst,missing,
1991,10.1145/108844.108959,81100030202,Paul Zimmerman,missing,
1991,10.1145/108844.108969,81100661766,Pamela Samuelson,missing,
1991,10.1145/108844.108969,81100393677,Anthony L. Clapes,missing,
1991,10.1145/108844.108969,81309491787,Michael Jacobs,missing,
1991,10.1145/108844.108969,81100556662,Michael Lesk,missing,
1991,10.1145/108844.108969,81100610874,Bruce Warren,missing,
1992,10.1145/142750.142751,81100454370,William C. Hill,"Computer Graphics and Interactive Media Research Group, Bellcore, Morristown, NJ, USA",
1992,10.1145/142750.142751,81332504463,James D. Hollan,"Computer Graphics and Interactive Media Research Group, Bellcore, Morristown, NJ, USA",
1992,10.1145/142750.142751,81100170929,Dave Wroblewski,"US West Advanced Technologies, Boulder, CO, USA",
1992,10.1145/142750.142751,81100606774,Tim McCandless,"US West Advanced Technologies, Boulder, CO, USA",
1992,10.1145/142750.142752,81100026648,W. Randall Koons,"Interactive Media Project, IBM Watson Research Center, Yorktown Heights, New York USA",
1992,10.1145/142750.142752,81332518777,Anne M. O'Dell,"Interactive Media Project, IBM Watson Research Center, Yorktown Heights, New York USA",
1992,10.1145/142750.142752,81100504042,Nancy J. Frishberg,"Interactive Media Project, IBM Watson Research Center, Yorktown Heights, New York USA",
1992,10.1145/142750.142752,81100347998,Mark R. Laff,"Interactive Media Project, IBM Watson Research Center, Yorktown Heights, New York USA",
1992,10.1145/142750.142753,81100330509,Barbee T. Mynatt,"Bowling Green State University, Bowling Green, OH, USA",
1992,10.1145/142750.142753,81100373608,Laura Marie Leventhal,"Bowling Green State University, Bowling Green, OH, USA",
1992,10.1145/142750.142753,81100348970,Keith Instone,"Bowling Green State University, Bowling Green, OH, USA",
1992,10.1145/142750.142753,81100366186,John Farhat,"Bowling Green State University, Bowling Green, OH, USA",
1992,10.1145/142750.142753,81100088586,Diane S. Rohlman,"Bowling Green State University, Bowling Green, OH, USA",
1992,10.1145/142750.142754,81100104022,William Gaver,"Rank Xerox Cambridge EuroPARC, Cambridge, UK",
1992,10.1145/142750.142754,81407594532,Thomas Moran,"Rank Xerox Cambridge EuroPARC, Cambridge, UK",
1992,10.1145/142750.142754,81100609167,Allan MacLean,"Rank Xerox Cambridge EuroPARC, Cambridge, UK",
1992,10.1145/142750.142754,81100648756,Lennart Lövstrand,"Rank Xerox Cambridge EuroPARC, Cambridge, UK",
1992,10.1145/142750.142754,81100521529,Paul Dourish,"Rank Xerox Cambridge EuroPARC, Cambridge, UK",
1992,10.1145/142750.142754,81100562363,Kathleen Carter,"Rank Xerox Cambridge EuroPARC, Cambridge, UK",
1992,10.1145/142750.142754,81452616426,William Buxton,"Rank Xerox Cambridge EuroPARC, Cambridge, UK",
1992,10.1145/142750.142755,81332498460,Robert S. Fish,"Bellcore, Morristown, NJ, USA",
1992,10.1145/142750.142755,81328489038,Robert E. Kraut,"Bellcore, Morristown, NJ, USA",
1992,10.1145/142750.142755,81100201167,Robert W. Root,"Bellcore, Morristown, NJ, USA",
1992,10.1145/142750.142755,81100249991,Ronald E. Rice,"Rutgers University, New Brunswick, NJ, USA",
1992,10.1145/142750.142756,81100309669,Abigail J. Sellen,"University of Toronto, Canada",
1992,10.1145/142750.142760,81392603419,Abbe Don,"In Context, San Francisco, CA, USA",
1992,10.1145/142750.142760,81100612361,Susan Brennan,"State University of New York at Stony Brook, USA",
1992,10.1145/142750.142760,81100603693,Brenda Laurel,"Telepresence Research, USA",
1992,10.1145/142750.142760,81100146468,Ben Shneiderman,"University of Maryland, USA",
1992,10.1145/142750.142761,99660717081,Matthew D. Russell,"TAO Research Corporation, Fremont, CA, USA",
1992,10.1145/142750.142761,81100196045,Howard Xu,"TAO Research Corporation, Fremont, CA, USA",
1992,10.1145/142750.142761,81332534094,Lingtao Wang,"TAO Research Corporation, Fremont, CA, USA",
1992,10.1145/142750.142762,81407591765,James R. Osborn,"University of California at Berkeley, Berkeley, CA, USA",
1992,10.1145/142750.142762,81100352441,Alice M. Agogino,"University of California at Berkeley, Berkeley, CA, USA",
1992,10.1145/142750.142763,81332525628,Manojit Sarkar,"Brown University, Providence, RI, USA",
1992,10.1145/142750.142763,81332491195,Marc H. Brown,"Digital Equipment Corporation, Palo Alto, CA, USA",
1992,10.1145/142750.142764,81406595978,Michael Mills,"Apple Computer, Cupertino, CA, USA",
1992,10.1145/142750.142764,81100146889,Jonathan Cohen,"Apple Computer, Cupertino, CA, USA",
1992,10.1145/142750.142764,81332536390,Yin Yin Wong,"Apple Computer, Cupertino, CA, USA",
1992,10.1145/142750.142765,81100529796,John Satzinger,"University of Georgia, Athens, GA, USA",
1992,10.1145/142750.142765,81100355524,Lorne Olfman,"Claremont Graduate School, Claremont, CA, USA",
1992,10.1145/142750.142767,81100472609,Michelle Gantt,"Hewlett-Packard Laboratories, Palo Alto, CA",
1992,10.1145/142750.142767,81100150025,Bonnie A. Nardi,"Hewlett-Packard Laboratories, Palo Alto, CA",
1992,10.1145/142750.142769,81332504463,Jim Hollan,"Bellcore, Morristown, NJ, USA",
1992,10.1145/142750.142769,81100244951,Scott Stornetta,"Bellcore, Morristown, NJ, USA",
1992,10.1145/142750.142770,81100032930,James A. Ballas,"Naval Research Laboratory, Washington, D.C., USA",
1992,10.1145/142750.142770,81100276673,Constance L. Heitmeyer,"Naval Research Laboratory, Washington, D.C., USA",
1992,10.1145/142750.142770,81100175306,Manuel A. Pérez-Quiñones,"Naval Research Laboratory, Washington, D.C., USA",
1992,10.1145/142750.142772,81100628723,Stephanie Houde,"Apple Computer, Cupertino, CA, USA",
1992,10.1145/142750.142775,81406596447,William W. McMillan,"Eastern Michigan University, Ypsilanti, MI, USA",
1992,10.1145/142750.142777,81100289997,Robert M. Mulligan,"AT&T Bell Laboratories, Holmdel, NJ, USA",
1992,10.1145/142750.142777,81100228995,Mary Dieli,"Microsoft, USA",
1992,10.1145/142750.142777,81339520181,Jakob Nielsen,"Bellcore, USA",
1992,10.1145/142750.142777,81100102525,Steven Poltrock,"Boeing Computer Services, USA",
1992,10.1145/142750.142777,81100491346,Daniel Rosenberg,"Borland International, USA",
1992,10.1145/142750.142777,81332524968,Susan Erlich Rudman,"US West Advanced Technologies Inc, USA",
1992,10.1145/142750.142778,81100340093,David L. Maulsby,"University of Calgary, Canada",
1992,10.1145/142750.142780,81100369308,Sharon R. Garber,"3M Company, St. Paul, MN, USA",
1992,10.1145/142750.142780,81100201706,Mitch B. Grunes,"3M Company, St. Paul, MN, USA",
1992,10.1145/142750.142782,81100174035,Virginia A. Peck,"Carnegie Mellon University, Pittsburgh, PA, USA",
1992,10.1145/142750.142782,81100482886,Bonnie E. John,"Carnegie Mellon University, Pittsburgh, PA, USA",
1992,10.1145/142750.142785,81100397563,H. Ulrich Hoppe,"GMD-IPSI, Darmstadt, Germany",
1992,10.1145/142750.142785,81100189805,Franz Schiele,"GMD-IPSI, Darmstadt, Germany",
1992,10.1145/142750.142786,81100003076,Jonas Löwgren,"Linköping University, Linköping, Sweden",
1992,10.1145/142750.142786,81100375374,Tommy Nordqvist,"National Defense Research Est. (FOA 531), Linköping, Sweden",
1992,10.1145/142750.142787,81100491866,Daniel F. Gieskens,"Delft University of Technology, Delft, Netherlands",
1992,10.1145/142750.142787,81100302796,James D. Foley,"Georgia Tech, Atlanta, GA, USA",
1992,10.1145/142750.142789,81100013136,Brad A. Myers,"Carnegie Mellon University, Pittsburgh, PA, USA",
1992,10.1145/142750.142789,81335496622,Mary Beth Rosson,"IBM T.J. Watson Research Center, Yorktown Heights, NY",
1992,10.1145/142750.142791,81100446762,Colin Ware,"University of New Brunswick, Fredericton, Canada",
1992,10.1145/142750.142791,81100206698,William Knight,"University of New Brunswick, Fredericton, Canada",
1992,10.1145/142750.142792,81100438120,Robert J. K. Jacob,"Naval Research Laboratory, Washington, D.C., USA",
1992,10.1145/142750.142792,81100481248,Linda E. Sibert,"Naval Research Laboratory, Washington, D.C., USA",
1992,10.1145/142750.142794,81100367406,I. Scott MacKenzie,"University of Guelph, Guelph, Canada",
1992,10.1145/142750.142794,81452616426,William Buxton,"University of Toronto, Canada",
1992,10.1145/142750.142798,81100008852,Martha R. Szczur,"NASA Goddard Space Fight Center, Greenbelt, MD, USA",
1992,10.1145/142750.142800,81100594492,E. Nygren,"Uppsala University, Uppsala, Sweden",
1992,10.1145/142750.142800,81100540194,M. Lind,"Uppsala University, Uppsala, Sweden",
1992,10.1145/142750.142800,81332507018,M. Johnson,"Uppsala University, Uppsala, Sweden",
1992,10.1145/142750.142800,81100282336,B. Sandblad,"Uppsala University, Uppsala, Sweden",
1992,10.1145/142750.142803,81100005173,Muneo Kitajima,"Industrial Products Research Institute, Tsukuva Ibaraki, Japan",
1992,10.1145/142750.142803,81100564360,Peter G. Polson,"University of Colorado, Boulder, CO, USA",
1992,10.1145/142750.142805,81100482886,Bonnie E. John,"Carnegie Mellon University, Pittsburgh, PA, USA",
1992,10.1145/142750.142805,81100219909,Alonso H. Vera,"Carnegie Mellon University, Pittsburgh, PA, USA",
1992,10.1145/142750.142806,99659851500,Dennis J. M. J. de Baar,"Delft University of Technology, Delft, Netherlands",
1992,10.1145/142750.142806,81100302796,James D. Foley,"Georgia Tech, Atlanta, GA, USA",
1992,10.1145/142750.142806,81100325096,Kevin E. Mullet,"SunSoft Inc., Mountain View, CA, USA",
1992,10.1145/142750.142808,81410595121,Dan R. Olsen,"Brigham Young University, Computer Science Department, Provo, UT, USA",
1992,10.1145/142750.142808,81392595618,Thomas G. McNeill,"Brigham Young University, Computer Science Department, Provo, UT, USA",
1992,10.1145/142750.142808,81414606601,David C. Mitchell,"Brigham Young University, Computer Science Department, Provo, UT, USA",
1992,10.1145/142750.142810,81100452161,Jeff Johnson,"Hewlett-Packard Laboratories, Palo Alto, CA, USA",
1992,10.1145/142750.142816,81100173620,Maddy D. Brouwer-Janse,"Philipps Research Laboratories, Eindhoven, Netherlands",
1992,10.1145/142750.142816,81100291481,Raymond W. Bennett,"AT&T Bell Laboratories, USA",
1992,10.1145/142750.142816,99659418888,Takaya Endo,"NTT, Human & Multimedia Lab, Japan",
1992,10.1145/142750.142816,81100310450,Floris L. van Nes,"Philipps Research Laboratories, Netherlands",
1992,10.1145/142750.142816,99659400757,Hugo J. Strubbe,"Philipps Research Laboratories, US, USA",
1992,10.1145/142750.142816,81100045316,Donald R. Gentner,"Apple Computer Inc, USA",
1992,10.1145/142750.142817,81100327060,Richard Chimera,"University of Maryland, College Park, MD, USA",
1992,10.1145/142750.142818,81100604907,Steven L. Teal,"Carnegie Mellon University, Pittsburgh, PA, USA",
1992,10.1145/142750.142818,81100553496,Alexander I. Rudnicky,"Carnegie Mellon University, Pittsburgh, PA, USA",
1992,10.1145/142750.142821,81100400779,Wayne D. Gray,"NYNEX Science & Technology Center, USA",
1992,10.1145/142750.142821,81100482886,Bonnie E. John,"Carnegie Mellon University, USA",
1992,10.1145/142750.142821,81100571618,Michael E. Atwood,"NYNEX Science & Technology Center, USA",
1992,10.1145/142750.142822,81100421589,Erik Nilsen,"Lewis & Clark College, USA",
1992,10.1145/142750.142822,81332507296,Hee Sen Jong,National University of Singapore,
1992,10.1145/142750.142822,81350567367,Judith S. Olson,"University of Michigan, USA",
1992,10.1145/142750.142822,81100564360,Peter G. Polson,"University of Colorado, USA",
1992,10.1145/142750.142824,81100396860,Chris Shaw,"University of Alberta, Canada",
1992,10.1145/142750.142824,81332512334,Jiandong Liang,"University of Alberta, Canada",
1992,10.1145/142750.142824,81339501983,Mark Green,"University of Alberta, Canada",
1992,10.1145/142750.142824,81100448523,Yunqi Sun,"University of Alberta, Canada",
1992,10.1145/142750.142825,81100367356,Christopher Codella,"Veridical User Environments, IBM T.J. Watson Research Center, P.O. Box 704, Yorktown Heights, NY, USA",
1992,10.1145/142750.142825,81100289165,Reza Jalili,"Veridical User Environments, IBM T.J. Watson Research Center, P.O. Box 704, Yorktown Heights, NY, USA",
1992,10.1145/142750.142825,81100352597,Lawrence Koved,"Veridical User Environments, IBM T.J. Watson Research Center, P.O. Box 704, Yorktown Heights, NY, USA",
1992,10.1145/142750.142825,81341493272,J. Bryan Lewis,"Veridical User Environments, IBM T.J. Watson Research Center, P.O. Box 704, Yorktown Heights, NY, USA",
1992,10.1145/142750.142825,81100159242,Daniel T. Ling,"Veridical User Environments, IBM T.J. Watson Research Center, P.O. Box 704, Yorktown Heights, NY, USA",
1992,10.1145/142750.142825,81100198109,James S. Lipscomb,"Veridical User Environments, IBM T.J. Watson Research Center, P.O. Box 704, Yorktown Heights, NY, USA",
1992,10.1145/142750.142825,81100513668,David A. Rabenhorst,"Veridical User Environments, IBM T.J. Watson Research Center, P.O. Box 704, Yorktown Heights, NY, USA",
1992,10.1145/142750.142825,81332534260,Chu P. Wang,"Veridical User Environments, IBM T.J. Watson Research Center, P.O. Box 704, Yorktown Heights, NY, USA",
1992,10.1145/142750.142825,81100065198,Alan Norton,"Computer Animation Systems, IBM T.J. Watson Research Center, Yorktown Heights, NY, USA",
1992,10.1145/142750.142825,81100202021,Paula Sweeney,"Computer Animation Systems, IBM T.J. Watson Research Center, Yorktown Heights, NY, USA",
1992,10.1145/142750.142825,81100457973,Greg Turk,"University of North Carolina, Chapel Hill, NC, USA",
1992,10.1145/142750.142828,81100454732,Ralph D. Hill,"Bellcore, Morristown, NJ, USA",
1992,10.1145/142750.142829,81100347267,Rob Radlinski,"NYNEX Science & Technology Inc, White Plains, NY, USA",
1992,10.1145/142750.142829,81100095017,Jean McKendree,"NYNEX Science & Technology Inc, White Plains, NY, USA",
1992,10.1145/142750.142830,81100466442,Beth Adelson,"Rutgers University, USA",
1992,10.1145/142750.142831,81100630561,Karl E. Steiner,"University of Illinois at Chicago, USA",
1992,10.1145/142750.142831,81100538646,Thomas G. Moher,"University of Illinois at Chicago, USA",
1992,10.1145/142750.142832,81100026410,William Hargreaves,"Kinesis Corporation, Seattle, WA, USA",
1992,10.1145/142750.142832,81100420778,David Rempel,"University of California at San Francisco, Richmond, CA, USA",
1992,10.1145/142750.142832,81100534157,Nachman Halpern,"Occupational and Industrial Orthopaedic Center, New York, NY, USA",
1992,10.1145/142750.142832,81100456781,Robert Markison,"UCSF School of Medicine & San Francisco Hand Specialists, San Francisco, CA, USA",
1992,10.1145/142750.142832,81332510040,Karl Kroemer,"Virginia Tech, Blacksburg, VA, USA",
1992,10.1145/142750.142832,81100174972,Jack Litewka,"Applied Ergonomics, Seattle, WA, USA",
1992,10.1145/142750.142833,81100449110,Brian Johnson,"University of Maryland, College Park, MD, USA",
1992,10.1145/142750.142834,81339520181,Jakob Nielsen,"Bellcore, Morristown, NJ, USA",
1992,10.1145/142750.142864,81332535037,Cathleen Wharton,"Hewlett-Packard Laboratories, Palo Alto, CA, USA & University of Colorado, Boulder, CO, USA",
1992,10.1145/142750.142864,81100304435,Janice Bradford,"Hewlett-Packard Laboratories, Palo Alto, CA, USA",
1992,10.1145/142750.142864,81332506629,Robin Jeffries,"Hewlett-Packard Laboratories, Palo Alto, CA, USA",
1992,10.1145/142750.142864,81100189439,Marita Franzke,"US West Advanced Technologies Inc & University of Colorado, Boulder, CO, USA",
1992,10.1145/142750.142869,99660399575,David E. Rowley,"Varian Associates, Walnut Creek, CA, USA",
1992,10.1145/142750.142869,81100413246,David G. Rhoades,"Varian Associates, Walnut Creek, CA, USA",
1992,10.1145/142750.142873,81332507969,Claire-Marie Karat,"IBM T.J. Watson Research Center, Yorktown Heights, NY, USA",
1992,10.1145/142750.142873,81332492056,Robert Campbell,"IBM T.J. Watson Research Center, Yorktown Heights, NY, USA",
1992,10.1145/142750.142873,81332498694,Tarra Fiegel,"IBM T.J. Watson Research Center, Yorktown Heights, NY, USA",
1992,10.1145/142750.142876,81100493478,Randy Pausch,"University of Virginia, Charlottesville, VA, USA",
1992,10.1145/142750.142876,81100387374,Laura Vogtle,"University of Virginia, Charlottesville, VA, USA",
1992,10.1145/142750.142876,81100102259,Matthew Conway,"University of Virginia, Charlottesville, VA, USA",
1992,10.1145/142750.142877,81392593485,Leo Degen,"Apple Computer Inc, Cupertino, CA, USA",
1992,10.1145/142750.142877,81100182411,Richard Mander,"Apple Computer Inc, Cupertino, CA, USA",
1992,10.1145/142750.142877,81408600569,Gitta Salomon,"Apple Computer Inc, Cupertino, CA, USA",
1992,10.1145/142750.142881,81100225915,Paul Resnick,"Massachusetts Institute of Technology, Cambridge, MA, USA",
1992,10.1145/142750.142881,81100352158,Robert A. Virzi,"GTE Laboratories Incorporated, Waltham, MA, USA",
1992,10.1145/142750.142883,81544892656,Anne Nicol Thomas,"Children Using Technology, Truckee, CA, USA",
1992,10.1145/142750.142883,81384617994,James Pellegrino,"Vanderbilt University, USA",
1992,10.1145/142750.142883,81100264234,Peter Rowley,"Ontario Institute for Studies in Education, Canada",
1992,10.1145/142750.142883,81100298087,Marlene Scardamalia,"Ontario Institute for Studies in Education, Canada",
1992,10.1145/142750.142883,81332528788,Elliot Soloway,"University of Michigan, USA",
1992,10.1145/142750.142883,81332534432,Jim Webb,"Huron Public School, Toronto, Canada",
1992,10.1145/142750.142886,81100509469,Monty L. Hammontree,"Texas Instruments Inc, Dallas, TX, USA",
1992,10.1145/142750.142886,99659552752,Jeffrey J. Hendrickson,"Texas Instruments Inc, Dallas, TX, USA",
1992,10.1145/142750.142886,81100566250,Billy W. Hensley,"Texas Instruments Inc, Dallas, TX, USA",
1992,10.1145/142750.142889,81100025749,Piyawadee Sukaviriya,"Georgia Tech, Atlanta, GA, USA",
1992,10.1145/142750.142889,81100495075,Ellen Isaacs,"SunSoft Inc., Mountain View, CA, USA",
1992,10.1145/142750.142889,99659567174,Krishna Bharat,"Georgia Tech, Atlanta, GA, USA",
1992,10.1145/142750.142895,81100090422,Michael Good,"Digital Equipment Corporation, Nashua, NH, USA",
1992,10.1145/142750.142897,81100613804,A. L. Rector,"University of Manchester, Manchester, England, UK",
1992,10.1145/142750.142897,81100575071,B. Horan,"University of Manchester, Manchester, England, UK",
1992,10.1145/142750.142897,81332498518,M. Fitter,"University of Sheffield, England, UK",
1992,10.1145/142750.142897,81100544503,S. Kay,"University of Manchester, Manchester, England, UK",
1992,10.1145/142750.142897,81100199548,P. D. Newton,"University of Manchester, Manchester, England, UK",
1992,10.1145/142750.142897,81100555212,W. A. Nowlan,"University of Manchester, Manchester, England, UK",
1992,10.1145/142750.142897,99659733858,D. Robinson,"University of Sheffield, England, UK",
1992,10.1145/142750.142897,81332535529,A. Wilson,"University of Manchester, Manchester, England, UK",
1992,10.1145/142750.142898,81332517372,Michael J. Muller,"Bellcore, Piscataway, NJ, USA",
1992,10.1145/142750.142900,81332526436,Paul Seaton,"System Concepts, Museum House, London, UK",
1992,10.1145/142750.142900,99659411453,Tom Stewart,"System Concepts, Museum House, London, UK",
1992,10.1145/142750.142902,81100642568,John Rieman,"University of Colorado, Boulder, CO, USA",
1992,10.1145/142750.142902,81452615178,Susan Davies,"University of Colorado, Boulder, CO, USA",
1992,10.1145/142750.142902,81332523954,Jonathan Roberts,"University of Colorado, Boulder, CO, USA",
1992,10.1145/142750.142904,81332528115,John B. Smith,"University of North Carolina, Chapel Hill, NC, USA",
1992,10.1145/142750.142904,81100154971,Marcy Lansman,"University of North Carolina, Chapel Hill, NC, USA",
1992,10.1145/142750.142905,81406599725,Jinwoo Kim,"Carnegie Mellon University, Pittsburgh, PA, USA",
1992,10.1145/142750.142905,81100223021,F. Javier Lerch,"Carnegie Mellon University, Pittsburgh, PA, USA",
1992,10.1145/142750.142908,81329489045,Raymonde Guindon,"Stanford University, Stanford, CA, USA",
1992,10.1145/142750.142912,81100625746,Pedro Szekely,"USC, Marina del Rey, CA, USA",
1992,10.1145/142750.142912,99659403975,Ping Luo,"USC, Marina del Rey, CA, USA",
1992,10.1145/142750.142912,81327490788,Robert Neches,"USC, Marina del Rey, CA, USA",
1992,10.1145/142750.142915,81100023946,Thomas Ferrin,"University of California at San Francisco, San Francisco, CA, USA",
1992,10.1145/142750.142915,81100083250,Conrad Huang,"University of California at San Francisco, San Francisco, CA, USA",
1992,10.1145/142750.142915,81100436562,Gregory Couch,"University of California at San Francisco, San Francisco, CA, USA",
1992,10.1145/142750.142915,81430662578,Eric Pettersen,"University of California at San Francisco, San Francisco, CA, USA",
1992,10.1145/142750.142915,81100211094,Robert Langridge,"University of California at San Francisco, San Francisco, CA, USA",
1992,10.1145/142750.142918,81100415222,Arthur James,"Apple Computer, Cupertino, CA, USA",
1992,10.1145/142750.142918,81452612201,James C. Spohrer,"Apple Computer, Cupertino, CA, USA",
1992,10.1145/142750.142977,81100363076,Hiroshi Ishii,"NTT Human Interface Laboratories, 1-2356 Take, Yokosuka-Shi, Kanagawa, Japan",
1992,10.1145/142750.142977,81100604089,Minoru Kobayashi,"NTT Human Interface Laboratories, 1-2356 Take, Yokosuka-Shi, Kanagawa, Japan",
1992,10.1145/142750.142980,81100072975,Hideaki Kuzuoka,"University of Tokyo, Tokyo, Japan",
1992,10.1145/142750.142982,81100521529,Paul Dourish,"Rank Xerox EuroPARC, Cambridge, UK",
1992,10.1145/142750.142982,81100274421,Sara Bly,"Xerox PARC, Palo Alto, CA, USA",
1992,10.1145/142750.142986,81339520181,Jakob Nielsen,"Bellcore, Morristown, NJ, USA",
1992,10.1145/142750.142986,81100527407,Rita M. Bush,"Bellcore, Piscataway, NJ, USA",
1992,10.1145/142750.142986,81100070160,Tom Dayton,"Bellcore, Piscataway, NJ, USA",
1992,10.1145/142750.142986,81332516718,Nancy E. Mond,"Bellcore, Piscataway, NJ, USA",
1992,10.1145/142750.142986,81332517372,Michael J. Muller,"Bellcore, Piscataway, NJ, USA",
1992,10.1145/142750.142986,81100201167,Robert W. Root,"Bellcore, Piscataway, NJ, USA",
1992,10.1145/142750.142989,81100437367,Deborah Mrazek,"Hewlett-Packard Corporation, Roseville, CA, USA",
1992,10.1145/142750.142989,81332522247,Michael Rafeld,"Hewlett-Packard Corporation, Roseville, CA, USA",
1992,10.1145/142750.143003,81392615221,M. A. Apollonio,"R&D Division, Multimedia Group, Valenzano, Italy",
1992,10.1145/142750.143003,81392603250,G. Colasante,"R&D Division, Multimedia Group, Valenzano, Italy",
1992,10.1145/142750.143003,81392601985,P. G. De Luca,"R&D Division, Multimedia Group, Valenzano, Italy",
1992,10.1145/142750.143003,81392590921,A. Diana,"R&D Division, Multimedia Group, Valenzano, Italy",
1992,10.1145/142750.143003,81100606678,A. Gisotti,"R&D Division, Multimedia Group, Valenzano, Italy",
1992,10.1145/142750.143007,81406594598,William Newman,"Rank Xerox EuroPARC, Cambridge, UK",
1992,10.1145/142750.143007,81100048413,Pierre Wellner,"Rank Xerox EuroPARC, Cambridge, UK",
1992,10.1145/142750.143011,81100242853,Masayuki Tani,"Hitachi Research Laboratory, Ibaraki-ken, Japan",
1992,10.1145/142750.143011,81310502502,Kimiya Yamaashi,"Hitachi Research Laboratory, Ibaraki-ken, Japan",
1992,10.1145/142750.143011,81100477214,Koichiro Tanikoshi,"Hitachi Research Laboratory, Ibaraki-ken, Japan",
1992,10.1145/142750.143011,81100381505,Masayasu Futakawa,"Hitachi Research Laboratory, Ibaraki-ken, Japan",
1992,10.1145/142750.143011,81392614044,Shinya Tanifuji,"Hitachi Research Laboratory, Ibaraki-ken, Japan",
1992,10.1145/142750.143052,81100128848,Scott Elrod,"Xerox PARC, Palo Alto, CA, USA",
1992,10.1145/142750.143052,81539499856,Richard Bruce,"Xerox PARC, Palo Alto, CA, USA",
1992,10.1145/142750.143052,81332501009,Rich Gold,"Xerox PARC, Palo Alto, CA, USA",
1992,10.1145/142750.143052,81410594782,David Goldberg,"Xerox PARC, Palo Alto, CA, USA",
1992,10.1145/142750.143052,81100332524,Frank Halasz,"Xerox PARC, Palo Alto, CA, USA",
1992,10.1145/142750.143052,81100599755,William Janssen,"Xerox PARC, Palo Alto, CA, USA",
1992,10.1145/142750.143052,81414592807,David Lee,"Xerox PARC, Palo Alto, CA, USA",
1992,10.1145/142750.143052,81100517815,Kim McCall,"Xerox PARC, Palo Alto, CA, USA",
1992,10.1145/142750.143052,99659982251,Elin Pedersen,"Xerox PARC, Palo Alto, CA, USA",
1992,10.1145/142750.143052,81414606561,Ken Pier,"Xerox PARC, Palo Alto, CA, USA",
1992,10.1145/142750.143052,81405592014,John Tang,"Xerox PARC, Palo Alto, CA, USA",
1992,10.1145/142750.143052,81546949056,Brent Welch,"Xerox PARC, Palo Alto, CA, USA",
1992,10.1145/142750.143053,81100041571,David Kurlander,"Columbia University, New York, NY, USA",
1992,10.1145/142750.143053,81100427474,Steven Feiner,"Columbia University, New York, NY, USA",
1992,10.1145/142750.143054,81100128783,Christopher Ahlberg,"University of Maryland, College Park, MD, USA",
1992,10.1145/142750.143054,81332535487,Christopher Williamson,"University of Maryland, College Park, MD, USA",
1992,10.1145/142750.143054,81100146468,Ben Shneiderman,"University of Maryland, College Park, MD, USA",
1992,10.1145/142750.143055,81100182411,Richard Mander,"Apple Computer Inc, Cupertino, CA, USA",
1992,10.1145/142750.143055,81408600569,Gitta Salomon,"Apple Computer Inc, Cupertino, CA, USA",
1992,10.1145/142750.143055,81332536390,Yin Yin Wong,"Apple Computer Inc, Cupertino, CA, USA",
1992,10.1145/142750.143058,81332526130,Jaclyn R. Schrier,"American Institutes for Research, Bedford, MA, USA",
1992,10.1145/142750.143058,81100005001,Evelyn L. Williams,"Hewlett-Packard Corporation, Fort Collins, CO, USA",
1992,10.1145/142750.143058,81100064047,Kevin S. MacDonell,"Apple Computer Inc, Cupertino, CA, USA",
1992,10.1145/142750.143058,81332520700,Larry A. Peterson,"US Army HEL, Aberdeen Proving Groups, MD, USA",
1992,10.1145/142750.143058,81100435358,Paulien F. Strijland,"Apple Computer Inc, Cupertino, CA, USA",
1992,10.1145/142750.143058,81100478606,Anna M. Wichansky,"Silicon Graphics Inc, Mountain View, CA, USA",
1992,10.1145/142750.143058,81332535753,James R. Williams,"Bell Communications Research, Piscataway, NJ, USA",
1992,10.1145/142750.143063,81100370703,Martin R. Frank,"Georgia Tech, Atlanta, GA, USA",
1992,10.1145/142750.143063,81100136673,J. J. de Graaff,"Georgia Tech, Atlanta, GA, USA",
1992,10.1145/142750.143063,81100491866,Daniel F. Gieskens,"Georgia Tech, Atlanta, GA, USA",
1992,10.1145/142750.143063,81100302796,James D. Foley,"Georgia Tech, Atlanta, GA, USA",
1992,10.1145/142750.143065,81100084142,Eric A. Bier,"Xerox PARC, Palo Alto, CA, USA",
1992,10.1145/142750.143065,81100277535,Steve Freeman,"Darwin College, Cambridge, England, UK",
1992,10.1145/142750.143065,81342507475,Ken Pier,"Xerox PARC, Palo Alto, CA, USA",
1992,10.1145/142750.143067,81332524082,Amanda Ropa,"Amanda Ropa Design, Palo Alto, CA, USA",
1992,10.1145/142750.143067,81100415855,Bengt Ahlström,"Royal Institute of Technology, Stockholm, Sweden",
1992,10.1145/142750.143070,81100309669,Abigail Sellen,"University of Toronto, Canada",
1992,10.1145/142750.143070,81452616426,Bill Buxton,"University of Toronto, Canada",
1992,10.1145/142750.143070,81100117616,John Arnott,"Arnott Design Group, Toronto, Canada",
1992,10.1145/142750.143072,81100497451,Dean Rubine,"Carnegie Mellon University, Pittsburgh, PA, USA",
1992,10.1145/142750.143074,81100342764,Michael Gleicher,"Carnegie Mellon University, Pittsburgh, PA, USA",
1992,10.1145/142750.143075,81332491195,Marc H. Brown,"DEC Systems Research Center, 130 Lytton Ave., Palo Alto, CA, USA",
1992,10.1145/142750.143078,81100454370,William C. Hill,"Bellcore, Morristown, NJ, USA",
1992,10.1145/142750.143078,81332504463,James D. Hollan,"Bellcore, Morristown, NJ, USA",
1992,10.1145/142750.143079,81100041782,Catherine Plaisant,"University of Maryland, College Park, MD, USA",
1992,10.1145/142750.143079,81538309056,Daniel Wallace,"Vitro Corporation, Silver Spring, MD, USA",
1992,10.1145/142750.143082,81100146468,Ben Shneiderman,"University of Maryland, College Park, MD, USA",
1992,10.1145/142750.143082,81332535487,Christopher Williamson,"University of Maryland, College Park, MD, USA",
1992,10.1145/142750.143082,81100128783,Christopher Ahlberg,"University of Maryland, College Park, MD, USA",
1992,10.1145/142750.150709,81392594030,Joseph P. Rotella,"AT&T Bell Laboratories, USA",
1992,10.1145/142750.150709,81392611646,Amy L. Bowman,"AT&T Bell Laboratories, USA",
1992,10.1145/142750.150709,81392591917,Catherine A. Wittman,"AT&T Bell Laboratories, USA",
1992,10.1145/142750.150710,81100587029,Sherman Tyler,"Lockheed AI Center, Palo Alto, CA, USA",
1992,10.1145/142750.150710,81100510774,Jon Schlossberg,"Lockheed AI Center, Palo Alto, CA, USA",
1992,10.1145/142750.150711,81100405328,Kyoichi Arai,"KEIO University, Yokohama, Japan",
1992,10.1145/142750.150711,81100100957,Teruo Yokoyama,"KEIO University, Yokohama, Japan",
1992,10.1145/142750.150711,81100190708,Yutaka Matsushita,"KEIO University, Yokohama, Japan",
1992,10.1145/142750.150714,81100401727,Kristinn R. Thorisson,"Massachusetts Institute of Technology, Cambridge, MA, USA",
1992,10.1145/142750.150714,81100026665,David B. Koons,"Massachusetts Institute of Technology, Cambridge, MA, USA",
1992,10.1145/142750.150714,81100653961,Richard A. Bolt,"Massachusetts Institute of Technology, Cambridge, MA, USA",
1992,10.1145/142750.150715,81100286070,Lynn Wilcox,"Xerox PARC, Palo Alto, CA, USA",
1992,10.1145/142750.150715,81332528415,Ian Smith,"Georgia Tech, Atlanta, GA, USA",
1992,10.1145/142750.150715,81332491720,Marcia Bush,"Xerox PARC, Palo Alto, CA, USA",
1993,10.1145/169059.169320,81100244503,Jörg M. Haake,"Integrated Publication and Information Systems Institute (IPSI), Gesellschaft für Mathematik und Datenverarbeitung (GMD), Dolivostr. 15, D-6100 Darmstadt, F. R. Germany",
1994,10.1145/191666.191728,81350567367,Judith S. Olson,"Cognitive Science and Machine Intelligence Laboratory, The University of Michigan, 701 Tappan Street, Ann Arbor, MI, USA",
1994,10.1145/191666.191780,81100564360,Peter Polson,"University of Colorado, Institute of Cognitive Science, Boulder, CO, USA",
1994,10.1145/191666.191780,81332506347,J. E. Irving,"University of Colorado, Institute of Cognitive Science, Boulder, CO, USA",
1995,10.1145/223904.223939,81100194417,Paul Kabbash,"University of Toronto, Toronto, Canada",
1995,10.1145/223904.223939,81452616426,William A. S. Buxton,"Alias Research Inc, Toronto, Canada & University of Toronto, Toronto, Canada",
1995,10.1145/223904.223951,81100178543,Gary M. Olson,"Collaboratory for Research on Electronic Work (CREW), The University of Michigan, 701 Tappan Street, Ann Arbor, MI, USA",
1995,10.1145/223904.223952,99660383398,Matt Marx,"Sun Microsystems Laboratories, Two Elizabeth Drive, Chelmsford, MA, USA",
1996,10.1145/238386.238438,81100656112,Sharon Oviatt,"Oregon Graduate Institute of Science & Technology, Portland, OR, USA",
1996,10.1145/238386.238522,81100170236,David Wolber,"University of San Francisco, San Francisco, CA, USA",
1996,10.1145/238386.238582,81100400876,Tomonari Kamba,"Georgia Tech, Atlanta, GA, USA",
1996,10.1145/238386.238582,81332497302,Shawn A. Elson,"Georgia Tech, Atlanta, GA, USA",
1996,10.1145/238386.238582,81100033742,Terry Harpold,"Georgia Tech, Atlanta, GA, USA",
1996,10.1145/238386.238582,81100129585,Tim Stamper,"Georgia Tech, Atlanta, GA, USA",
1996,10.1145/238386.238582,81558586656,Piyawadee Sukaviriya,"Georgia Tech, Atlanta, GA, USA",
1997,10.1145/258549.258699,81100449016,Hilary Johnson,"HCI Group, Department of Computer Science, Queen Mary and Westfield College, Mile End Road, London E1 4NS, UK",
1997,10.1145/258549.258832,81100568530,Frank Ludolph,"JavaSoft, Sun Microsystems, Inc., 2550 Garcia Avenue, CUP01-102, Mountain View, CA, USA",
1998,10.1145/274644.274681,81100242280,Kevin Schlueter,"Department of Computer Science, University of Toronto, 10 Kings College Road, Toronto, ON, Canada, M5S 4G4",
1999,10.1145/302979.303067,81100178543,Gary M. Olson,"The Collaboratory for Research on Electronic work (CREW), University of Michigan, Ann Arbor, MI, USA",
1999,10.1145/302979.303109,81332505923,Satoshi Ichimura,"FX Palo Alto Laboratory, 3400 Hillview Avenue, Palo Alto, CA, USA",
1999,10.1145/302979.303160,81100229982,Christine Halverson,"IBM T.J. Watson Research Center, 30 Saw Mill River Road, Hawthorne, NY, USA",
1999,10.1145/302979.303160,81100200032,Daniel Horn,"University of Michigan, Ann Arbor, MI, USA",
1999,10.1145/302979.303160,81100505984,John Karat,"IBM T.J. Watson Research Center, 30 Saw Mill River Road, Hawthorne, NY, USA",
2000,10.1145/332040.332415,81100039448,Hiroaki Tobita,"Graduate School of Information Systems, University of Electro-Communications, 1-5-1, Chofugaoka, Chofu, Tokyo 182-8585, Japan",
2000,10.1145/332040.332415,81100604112,Motoki Kobayashi,"Graduate School of Information Systems, University of Electro-Communications, 1-5-1, Chofugaoka, Chofu, Tokyo 182-8585, Japan",
2001,10.1145/365024.365090,81100009981,Li Gong,"Stanford University, Stanford, CA, USA",
2001,10.1145/365024.365090,81452599499,Jennifer Lai,"IBM Research, Hawthorne, NY, USA",
2002,10.1145/503376.503434,81100077378,Marc A. Smith,"Microsoft Research, Redmond, WA, USA",
2006,10.1145/1124772.1124874,81100363076,Hiroshi Ishii,"MIT Media Lab, Cambridge, MA, USA",
2018,10.1145/3173574.3173818,81333491448,Daniel Ullrich,"LMU Munich, Munich, Bavaria, Germany",
2023,10.1145/3544548.3580664,99658745782,Erica Kleinman,"University of California, Santa Cruz, United States, USA",
2023,10.1145/3544548.3580664,99659461569,Jennifer Villareale,"Drexel University, Philadelphia, PA, USA",
2023,10.1145/3544548.3580664,99659921626,Murtuza N. Shergadwala,"University of California, Santa Cruz, United States, USA",
2023,10.1145/3544548.3580664,99659475051,Zhaoqing Teng,"University of California, Santa Cruz, United States, USA",
2023,10.1145/3544548.3580664,99659474177,Andy Bryant,"University of California, Santa Cruz, United States, USA",
2023,10.1145/3544548.3580664,81488646953,Jichen Zhu,"IT University of Copenhagen, Denmark",
2023,10.1145/3544548.3580664,81488653825,Magy Seif El-Nasr,"University of California, Santa Cruz, United States, USA",
2023,10.1145/3544548.3580693,99660781407,Adrien Chaffangeon Caillet,"Univ. Grenoble Alpes, CNRS, Grenoble, France",
2023,10.1145/3544548.3580693,99658641429,Alix Goguey,"Univ. Grenoble Alpes, CNRS, Grenoble, France",
2023,10.1145/3544548.3580693,81100087172,Laurence Nigay,"Univ. Grenoble Alpes, CNRS, Grenoble, France",
2023,10.1145/3544548.3580788,99660780939,Shaomei Wu,"Aimpower.org, Mountain View, CA, USA",
2023,10.1145/3544548.3580817,99660779802,Michael Xieyang Liu,"Microsoft Research, USA & Carnegie Mellon, USA",
2023,10.1145/3544548.3580817,99659349360,Advait Sarkar,"Microsoft Research & University of Cambridge & University College London, UK",
2023,10.1145/3544548.3580817,99660049260,Carina Negreanu,"Microsoft Research, UK",
2023,10.1145/3544548.3580817,81100190820,Benjamin Zorn,"Microsoft Research, USA",
2023,10.1145/3544548.3580817,99659528301,Jack Williams,"Microsoft Research, UK",
2023,10.1145/3544548.3580817,81490686870,Neil Toronto,"Microsoft Research, UK",
2023,10.1145/3544548.3580817,81100037731,Andrew D. Gordon,"Microsoft Research, UK",
2023,10.1145/3544548.3581001,99660639057,Sunnie S. Y. Kim,"Princeton University, Princeton, NJ, USA",
2023,10.1145/3544548.3581001,99659230348,Elizabeth Anne Watkins,"Intel Labs, Santa Clara, CA, USA",
2023,10.1145/3544548.3581001,81550142556,Olga Russakovsky,"Princeton University, Princeton, NJ, USA",
2023,10.1145/3544548.3581001,99660071585,Ruth Fong,"Princeton University, Princeton, NJ, USA",
2023,10.1145/3544548.3581001,81350567841,Andrés Monroy-Hernández,"Princeton University, Princeton, NJ, USA",
2023,10.1145/3544548.3581007,99659702608,Brittany Lewis,"University of Rhode Island, Kingston, RI, USA",
2023,10.1145/3544548.3581007,99660610003,Tina-Marie Ranalli,"Independent Scholar, Providence, RI, USA",
2023,10.1145/3544548.3581007,99660781530,Alexandra Gourley,"University of Rhode Island, Kingston, RI, USA",
2023,10.1145/3544548.3581007,99660779939,Piriyankan Kirupaharan,"University of Rhode Island, Kingston, RI, USA",
2023,10.1145/3544548.3581007,99659899178,Krishna Venkatasubramanian,"University of Rhode Island, Kingston, RI, USA",
2023,10.1145/3544548.3581033,99659233507,Juan F. Maestre,"University of Minnesota, Minneapolis, USA",
2023,10.1145/3544548.3581033,99660780316,Daria V. Groves,"Indiana University Bloomington, United States, USA",
2023,10.1145/3544548.3581033,99659700948,Megan Furness,"Indiana University Bloomington, United States, USA",
2023,10.1145/3544548.3581033,81430642614,Patrick C. Shih,"Indiana University Bloomington, United States, USA",
2023,10.1145/3544548.3581114,99660781702,Jake M L Stein,"University of Oxford, Oxford, UK",
2023,10.1145/3544548.3581114,99660783239,Vidminas Vizgirda,"University of Edinburgh, Edinburgh, UK",
2023,10.1145/3544548.3581114,81328490974,Max Van Kleek,"University of Oxford, Oxford, UK",
2023,10.1145/3544548.3581114,87959194057,Reuben Binns,"University of Oxford, Oxford, UK",
2023,10.1145/3544548.3581114,81453639687,Jun Zhao,"University of Oxford, Oxford, UK",
2023,10.1145/3544548.3581114,99660782625,Rui Zhao,"University of Oxford, Oxford, UK",
2023,10.1145/3544548.3581114,99659343595,Naman Goel,"University of Oxford, Oxford, UK",
2023,10.1145/3544548.3581114,99659526426,George Chalhoub,"University of Oxford, Oxford, UK",
2023,10.1145/3544548.3581114,99660233629,Wael S Albayaydh,"University of Oxford, Oxford, UK",
2023,10.1145/3544548.3581114,81100351241,Nigel Shadbolt,"University of Oxford, Oxford, UK",
2023,10.1145/3544548.3581248,99659767674,Zainab Iftikhar,"Brown University, United States, USA",
2023,10.1145/3544548.3581248,99660783764,Yumeng Ma,"Brown University, United States, USA",
2023,10.1145/3544548.3581248,99660782363,Jeff Huang,"Brown University, United States, USA",
2023,10.1145/3544548.3581401,81100164670,Kirsten Ellis,"Monash University, Melbourne, Australia",
2023,10.1145/3544548.3581401,99660779252,Lisa Kruesi,"Monash University, Melbourne, Australia",
2023,10.1145/3544548.3581401,81472656658,Swamy Ananthanarayan,"Monash University, Melbourne, Australia",
2023,10.1145/3544548.3581401,99658965892,Hashini Senaratne,"CSIRO Data 61, Pullenvale, Australia",
2023,10.1145/3544548.3581401,81384616016,Stephen Lindsay,"University of Glasgow, United Kingdom, UK",
2023,10.1145/3544548.3581464,99660783254,Kexue Fu,"Chongqing University, Chongqing, China",
2023,10.1145/3544548.3581464,99660780417,Yixin Chen,"University of Aberdeen, Aberdeen, UK",
2023,10.1145/3544548.3581464,99660782408,Jiaxun Cao,"Duke Kunshan University, Suzhou, China",
2023,10.1145/3544548.3581464,99658689004,Xin Tong,"Duke Kunshan University, Suzhou, China",
2023,10.1145/3544548.3581464,99659502245,RAY LC,"City University of Hong Kong, Hong Kong, China",
2023,10.1145/3544548.3581489,99659463679,Ashlee Milton,"University of Minnesota, Minneapolis, USA",
2023,10.1145/3544548.3581489,99659897213,Leah Ajmani,"University of Minnesota, Minneapolis, USA",
2023,10.1145/3544548.3581489,99659130873,Michael Ann DeVito,"University of Colorado Boulder, United States, USA",
2023,10.1145/3544548.3581489,99658724335,Stevie Chancellor,"University of Minnesota, Minneapolis, USA",
2023,10.1145/3544548.3581530,99659588610,Lingyuan Li,"Clemson University, Clemson, SC, USA",
2023,10.1145/3544548.3581530,99658639182,Guo Freeman,"Clemson University, Clemson, SC, USA",
2023,10.1145/3544548.3581530,99659959850,Kelsea Schulenberg,"Clemson University, Clemson, SC, USA",
2023,10.1145/3544548.3581530,99659702414,Dane Acena,"Clemson University, Clemson, SC, USA",
2023,10.1145/3544548.3581566,99659476649,"Xingyu ""Bruce"" Liu","UCLA, Los Angeles, CA, USA",
2023,10.1145/3544548.3581566,99660781781,Vladimir Kirilyuk,"Google Research, Mountain View, CA, USA",
2023,10.1145/3544548.3581566,99660783281,Xiuxiu Yuan,"Google Research, Mountain View, CA, USA",
2023,10.1145/3544548.3581566,81309497296,Alex Olwal,"Google Research, Mountain View, CA, USA",
2023,10.1145/3544548.3581566,81440599192,Peggy Chi,"Google Research, Mountain View, CA, USA",
2023,10.1145/3544548.3581566,99659468135,"Xiang ""Anthony"" Chen","UCLA, Los Angeles, CA, USA",
2023,10.1145/3544548.3581566,99658704468,Ruofei Du,"Google Research, Mountain View, CA, USA",
